Downloaded,Syllabus,Resource Type,Title / Name,Author/Source/Provider,Notes / Link,,,,,,,,
Yes,Sales Negotiation Mastery,Book,Getting to Yes: Negotiating Agreement Without Giving In,Fisher & Ury,Foundational negotiation principles,,,,,,,,
Yes,Sales Negotiation Mastery,Book,Never Split the Difference: Negotiating As If Your Life Depended On It,Chris Voss & Tahl Raz,Advanced tactics from a former FBI negotiator,,,,,,,,
Yes,Sales Negotiation Mastery,Book,Negotiation Genius: How to Overcome Obstacles and Achieve Brilliant Results at the Bargaining Table,Malhotra & Bazerman,Strategies for creative and effective negotiation,,,,,,,,
Yes,Sales Negotiation Mastery,Book,Bargaining for Advantage: Negotiation Strategies for Reasonable People,G. Richard Shell,Practical advice for negotiating in everyday situations,,,,,,,,
Yes,Sales Negotiation Mastery,Book,The Art of Negotiation,Michael Wheeler,Insights into dynamic negotiation techniques,,,,,,,,
Yes,Sales Negotiation Mastery,Book,Difficult Conversations: How to Discuss What Matters Most,"Stone, Patton, & Heen",Managing challenging negotiation scenarios,,,,,,,,
Yes,Sales Negotiation Mastery,Book,Influence: The Psychology of Persuasion,Robert Cialdini,Psychological principles to enhance negotiation,,,,,,,,
Yes,Sales Negotiation Mastery,Book,Secrets of Power Negotiating,Roger Dawson,Practical negotiation tactics,,,,,,,,
Yes,Sales Negotiation Mastery,Book,The Mind and Heart of the Negotiator,Leigh Thompson,Comprehensive overview of negotiation dynamics,,,,,,,,
Yes,Sales Negotiation Mastery,Book,Negotiating the Impossible: How to Break Deadlocks and Resolve Ugly Conflicts,Deepak Malhotra,Strategies for handling high‑conflict negotiations,,,,,,,,
Yes,Sales Negotiation Mastery,Book,You Can Negotiate Anything,Herb Cohen,Techniques for negotiating in diverse situations,,,,,,,,
Yes,Sales Negotiation Mastery,Book,Start with No: The Negotiating Tools that the Pros Don’t Want You to Know,Jim Camp,Counterintuitive approaches to negotiation,,,,,,,,
Yes,Sales Negotiation Mastery,Book,The Power of Persuasion: How We’re Bought and Sold,Robert Levine,Examines persuasion tactics in negotiation,,,,,,,,
No,Sales Negotiation Mastery,Book,The Negotiator’s Fieldbook: The Desk Reference for the Practicing Negotiator,Schneider & Honeyman,Practical reference guide for negotiation techniques,,,,,,,,
No,Sales Negotiation Mastery,Book,"Never Split the Difference in Business (Supplementary Insights, if available)",Various,Additional insights tailored to business negotiations,,,,,,,,
No,Sales Negotiation Mastery,Podcast,The Negotiation Podcast,Various,Introductory and advanced negotiation episodes,,,,,,,,
No,Sales Negotiation Mastery,Podcast,Selected episodes from The Tim Ferriss Show,The Tim Ferriss Show,Focus on negotiation strategies in high‑performance settings,,,,,,,,
No,Sales Negotiation Mastery,Podcast,Negotiate Anything,Various,Real‑world negotiation stories and tips,,,,,,,,
No,Sales Negotiation Mastery,Podcast,Masters of Scale,Various,Episodes discussing negotiation in high‑growth businesses,,,,,,,,
No,Sales Negotiation Mastery,Online Course,Successful Negotiation: Essential Strategies and Skills (Coursera – University of Michigan),University of Michigan,Interactive course covering negotiation fundamentals,,,,,,,,
No,Sales Negotiation Mastery,Online Course,Advanced Negotiation Tactics (Udemy/LinkedIn Learning),Various,Modules focusing on high‑level negotiation techniques,,,,,,,,
No,Sales Negotiation Mastery,Online Course,Live webinars / MasterClass sessions with negotiation experts,Various,Live sessions for real‑time negotiation training,,,,,,,,
No,Sales Negotiation Mastery,Film/Documentary,The Big Short,Various,Observing high‑stakes negotiation in finance,,,,,,,,
No,Sales Negotiation Mastery,Film/Documentary,Moneyball,Various,Data‑driven negotiation and decision making,,,,,,,,
No,Sales Negotiation Mastery,Film/Documentary,Inside Job,Various,Corporate negotiation insights,,,,,,,,
No,Sales Negotiation Mastery,Film/Documentary,The King’s Speech,Various,Overcoming communication barriers in negotiation,,,,,,,,
No,Sales Negotiation Mastery,Film/Documentary,Negotiation role‑play case studies on YouTube (curated playlists),Various,Practical examples and demonstrations of negotiation skills,,,,,,,,
No,Sales Negotiation Mastery,Practical Exercise,Weekly role‑playing simulations (in‑class or online),N/A,Practice negotiation scenarios with peers and mentors,,,,,,,,
No,Sales Negotiation Mastery,Practical Exercise,Monthly negotiation projects with peer/mentor feedback,N/A,Real‑world exercises to test and refine negotiation strategies,,,,,,,,
No,Sales Negotiation Mastery,Practical Exercise,Ongoing negotiation journal,N/A,Record reflections and lessons learned from each negotiation,,,,,,,,
No,Sales Negotiation Mastery,Capstone Project,Final negotiation case study and presentation,N/A,Develop and present a comprehensive real‑world negotiation project,,,,,,,,
Yes,Human Nature,Book,Sapiens: A Brief History of Humankind,Yuval Noah Harari,Essential reading on human evolution,,,,,,,,
Yes,Human Nature,Book,Behave: The Biology of Humans at Our Best and Worst,Robert Sapolsky,Detailed exploration of human behavior,,,,,,,,
Yes,Human Nature,Book,The Blank Slate: The Modern Denial of Human Nature,Steven Pinker,Focuses on the interplay between biology and culture,,,,,,,,
Yes,Human Nature,Book,The Better Angels of Our Nature: Why Violence Has Declined,Steven Pinker,Analysis of the decline in violence over time,,,,,,,,
Yes,Human Nature,Book,The Righteous Mind: Why Good People Are Divided by Politics and Religion,Jonathan Haidt,Explores moral psychology,,,,,,,,
Yes,Human Nature,Book,"The Moral Animal: Why We Are, the Way We Are",Robert Wright,Discusses evolutionary psychology,,,,,,,,
Yes,Human Nature,Book,The Selfish Gene,Richard Dawkins,Evolutionary perspective on gene-centered evolution,,,,,,,,
Yes,Human Nature,Book,The Social Conquest of Earth,Edward O. Wilson,Insights into social behavior and evolution,,,,,,,,
Yes,Human Nature,Book,The Denial of Death,Ernest Becker,Explores human awareness of mortality,,,,,,,,
Yes,Human Nature,Book,"Moral Tribes: Emotion, Reason, and the Gap Between Us and Them",Joshua Greene,Discusses group dynamics and morality,,,,,,,,
Yes,Human Nature,Book,Influence: The Psychology of Persuasion,Robert Cialdini,Key insights into persuasion techniques,,,,,,,,
Yes,Human Nature,Book,Atlas of the Heart: Mapping Meaningful Connection and the Language of Human Experience,Brené Brown,Explores emotions and connection,,,,,,,,
Yes,Human Nature,Book,The Origins of Virtue: Human Instincts and the Evolution of Cooperation,Matt Ridley,Examines cooperation through an evolutionary lens,,,,,,,,
Yes,Human Nature,Book,The Emotional Brain: The Mysterious Underpinnings of Emotional Life,Joseph LeDoux,Focus on the neural underpinnings of emotions,,,,,,,,
No,Human Nature,Book,(Optional Supplement) Additional titles or curated academic journal articles,N/A,Supplementary reading as needed,,,,,,,,
No,Human Nature,Podcast,Hidden Brain,NPR,Episodes on human behavior and cognitive biases,,,,,,,,
No,Human Nature,Podcast,You Are Not So Smart,Various,Explores common thinking errors and human irrationality,,,,,,,,
No,Human Nature,Podcast,The Psychology Podcast,Various,Select episodes on evolution and cultural influences,,,,,,,,
No,Human Nature,Online Course,Introduction to Psychology (Coursera/edX),Various Universities,Foundational course; look for courses with high ratings,,,,,,,,
No,,,,,,,,,,,,,
No,Human Nature,Online Course,The Science of Well-Being,Yale (via online platforms),Focuses on emotional and behavioral aspects,,,,,,,,
No,Human Nature,YouTube Channel,The School of Life,The School of Life,Concise explorations on human nature,,,,,,,,
No,Human Nature,Film/Documentary,The Social Dilemma,N/A,Examines modern social behavior in the digital era,,,,,,,,
No,Human Nature,Film/Documentary,The Century of the Self,Adam Curtis,Documentary on psychological ideas shaping society,,,,,,,,
No,Human Nature,Film/Documentary,Brain Games,Various (selected episodes),Interactive look at human cognition,,,,,,,,
No,Human Nature,Film/Documentary,Human,Various,Documentary exploring diverse aspects of human experience,,,,,,,,
No,Human Nature,Film/Documentary,Curated YouTube playlists on human evolution and behavior,Various,Self-curated playlists tailored to course content,,,,,,,,
No,Human Nature,Practical Exercise,Reflective Journal,N/A,Weekly journal entries linking theory to personal experience,,,,,,,,
No,Human Nature,Practical Exercise,Observation Projects,N/A,"Field studies (e.g., analyzing group dynamics in public settings)",,,,,,,,
No,Human Nature,Practical Exercise,Discussion Groups,N/A,Online forums or local meetups for group discussions,,,,,,,,
No,Human Nature,Capstone Project,Real‑World Analysis & Presentation,N/A,Comprehensive project applying course learnings,,,,,,,,
Yes,Emotional Intelligence,Book,Emotional Intelligence: Why It Can Matter More Than IQ,Daniel Goleman,Foundational text on EI,,,,,,,,
Yes,Emotional Intelligence,Book,Working with Emotional Intelligence,Daniel Goleman,Advanced applications in leadership,,,,,,,,
Yes,Emotional Intelligence,Book,Primal Leadership: Unleashing the Power of Emotional Intelligence,"Goleman, Boyatzis, & McKee",Focuses on EI in leadership and management,,,,,,,,
Yes,Emotional Intelligence,Book,EQ Applied: The Real‑World Guide to Emotional Intelligence,Justin Bariso,Practical approaches and strategies,,,,,,,,
Yes,Emotional Intelligence,Book,The Language of Emotions: What Your Feelings Are Trying to Tell You,Karla McLaren,Deep dive into understanding emotions,,,,,,,,
Yes,Emotional Intelligence,Book,"Emotional Agility: Get Unstuck, Embrace Change, and Thrive in Work and Life",Susan David,Techniques for adapting to change,,,,,,,,
Yes,Emotional Intelligence,Book,Dare to Lead: Brave Work. Tough Conversations. Whole Hearts.,Brené Brown,Focus on vulnerability and leadership,,,,,,,,
Yes,Emotional Intelligence,Book,The Emotional Life of Your Brain,Richard Davidson & Sharon Begley,Neuroscience behind emotional responses,,,,,,,,
Yes,Emotional Intelligence,Book,Nonviolent Communication: A Language of Life,Marshall B. Rosenberg,Enhancing interpersonal communication,,,,,,,,
No,Emotional Intelligence,Book,Permission to Feel,Marc Brackett,Practical insights into recognizing emotions,,,,,,,,
No,Emotional Intelligence,Book,The EQ Edge: Emotional Intelligence and Your Success,Steven J. Stein & Howard E. Book,Strategies for applying EI to achieve success,,,,,,,,
No,Emotional Intelligence,Book,Self-Compassion: The Proven Power of Being Kind to Yourself,Kristin Neff,Emphasizes self‑kindness as a pillar of EI,,,,,,,,
Yes,Emotional Intelligence,Book,Mindset: The New Psychology of Success,Carol S. Dweck,Understanding the growth mindset,,,,,,,,
Yes,Emotional Intelligence,Book,Building Emotional Intelligence,Linda Lantieri (or similar),Practical exercises for EI improvement,,,,,,,,
No,Emotional Intelligence,Book,(Optional Supplement) Additional curated academic articles on EI,N/A,For further study and deep dives,,,,,,,,
No,Emotional Intelligence,Podcast,The Science of Happiness,Various (Episodes on emotional regulation),Select episodes for EI insights,,,,,,,,
No,Emotional Intelligence,Podcast,The Tony Robbins Podcast,Tony Robbins,Focus on resilience and building EI,,,,,,,,
No,Emotional Intelligence,Podcast,Unlocking Us,Brené Brown,Episodes on vulnerability and empathy,,,,,,,,
No,Emotional Intelligence,Podcast,The Psychology Podcast,Various,Selected episodes on self‑awareness,,,,,,,,
No,Emotional Intelligence,Online Course,Inspiring Leadership through Emotional Intelligence (Coursera – Yale),Yale University,Foundational course in EI,,,,,,,,
No,Emotional Intelligence,Online Course,Emotional Intelligence Fundamentals (Udemy/LinkedIn Learning),Various,Introductory modules for practical EI skills,,,,,,,,
No,Emotional Intelligence,Online Media,TED Talks: “The Power of Vulnerability” and “How to Practice Emotional First Aid”,"Brené Brown, Guy Winch",Curated TED Talks for EI,,,,,,,,
No,Emotional Intelligence,Film/Documentary,Inside Out,Pixar,Animated exploration of emotions,,,,,,,,
No,Emotional Intelligence,Film/Documentary,The Mask You Live In,Various,Examines emotional expression and societal norms,,,,,,,,
No,Emotional Intelligence,Film/Documentary,He Named Me Malala,Various,Focus on empathy and resilience,,,,,,,,
No,Emotional Intelligence,Film/Documentary,Curated YouTube playlists on emotional intelligence,Various,Self‑curated playlists for additional insights,,,,,,,,
No,Emotional Intelligence,Film/Documentary,Documentary segments from “The School of Life”,Various,Short segments on practical EI applications,,,,,,,,
No,Emotional Intelligence,Practical Exercise,Weekly Mindfulness & Journaling,N/A,Daily or weekly entries to track emotional responses,,,,,,,,
No,Emotional Intelligence,Practical Exercise,Role‑Playing Sessions,N/A,Practice scenarios for conflict resolution,,,,,,,,
No,Emotional Intelligence,Practical Exercise,Group Discussions,N/A,Online forums or local meetups,,,,,,,,
No,Emotional Intelligence,Capstone Project,Real‑World EI Application,N/A,Written report and presentation on an interpersonal challenge,,,,,,,,
Yes,Critical Thinking,Book,"Thinking, Fast and Slow",Daniel Kahneman,Key insights into cognitive processes,,,,,,,,
Yes,Critical Thinking,Book,The Demon-Haunted World: Science as a Candle in the Dark,Carl Sagan,A guide to skeptical thinking,,,,,,,,
Yes,Critical Thinking,Book,Superforecasting: The Art and Science of Prediction,Philip Tetlock & Dan Gardner,Techniques for improved prediction and reasoning,,,,,,,,
Yes,Critical Thinking,Book,A Rulebook for Arguments,Anthony Weston,Practical rules for constructing effective arguments,,,,,,,,
Yes,Critical Thinking,Book,How to Read a Book: The Classic Guide to Intelligent Reading,Mortimer Adler & Charles Van Doren,Enhances analytical reading skills,,,,,,,,
Yes,Critical Thinking,Book,The Art of Reasoning,David Kelley,Overview of logical reasoning methods,,,,,,,,
Yes,Critical Thinking,Book,Critical Thinking: A Concise Guide,Tracy Bowell & Gary Kemp,Fundamental critical thinking concepts,,,,,,,,
Yes,Critical Thinking,Book,You Are Not So Smart,David McRaney,Explores cognitive biases and misjudgments,,,,,,,,
Yes,Critical Thinking,Book,Logic: A Very Short Introduction,Graham Priest,Introduction to formal logic,,,,,,,,
No,Critical Thinking,Book,The Elements of Reasoning,Ronald Munson & Andrew Black,Covers the basics of logical analysis,,,,,,,,
No,Critical Thinking,Book,The Power of Critical Thinking,Lewis Vaughn,Strategies to enhance reasoning skills,,,,,,,,
No,Critical Thinking,Book,An Illustrated Book of Bad Arguments,Ali Almossawi,Visual guide to common logical fallacies,,,,,,,,
No,Critical Thinking,Book,How to Think About Weird Things,Theodore Schick & Lewis Vaughn,Encourages questioning and creative analysis,,,,,,,,
No,Critical Thinking,Book,The Logic of Real Arguments,(Supplementary text),Additional insights for advanced analysis,,,,,,,,
No,Critical Thinking,Book,(Optional) Additional curated articles from reputable academic sources,N/A,For deep-dive studies,,,,,,,,
No,Critical Thinking,Podcast,Rationally Speaking,Various,Episodes on skepticism and logical analysis,,,,,,,,
No,Critical Thinking,Podcast,The Critical Thinker Academy Podcast,Various,Tips on debunking fallacies and improving reasoning,,,,,,,,
No,Critical Thinking,Podcast,Selected episodes from The Tim Ferriss Show,Various,Insights on decision‑making and analytical thinking,,,,,,,,
No,Critical Thinking,Online Course,Mindware: Critical Thinking for the Information Age (Coursera/edX),Various,Comprehensive course in critical thinking,,,,,,,,
No,Critical Thinking,Online Course,Logical Reasoning & Argument Analysis (Udemy),Various,Practical modules to strengthen reasoning skills,,,,,,,,
No,Critical Thinking,Online Media,CrashCourse Philosophy (YouTube) – Critical Thinking segments,YouTube,"Engaging, visual explanations of logic concepts",,,,,,,,
No,Critical Thinking,Film/Documentary,The Matrix,Various,A metaphor for questioning reality,,,,,,,,
No,Critical Thinking,Film/Documentary,An Inconvenient Truth,Various,Evaluating evidence and constructing arguments,,,,,,,,
No,Critical Thinking,Film/Documentary,Inside Job,Various,Data‑driven analysis of systemic issues,,,,,,,,
No,Critical Thinking,Film/Documentary,Curated YouTube playlists on logical fallacies and cognitive biases,Various,Self‑curated resources for additional insights,,,,,,,,
No,Critical Thinking,Film/Documentary,Documentary segments from “The School of Life”,Various,Short segments focusing on critical thinking,,,,,,,,
No,Critical Thinking,Practical Exercise,Weekly Exercises,N/A,"Solve logic puzzles, analyze editorials, or write brief essays",,,,,,,,
No,Critical Thinking,Practical Exercise,Reflection Journal,N/A,Daily log of observations and decision‑making analyses,,,,,,,,
No,Critical Thinking,Practical Exercise,Group Debates,N/A,Participate in discussions on current events or classic debates,,,,,,,,
No,Critical Thinking,Capstone Project,Real‑World Analysis & Presentation,N/A,In‑depth analysis of a real‑world problem using learned frameworks,,,,,,,,
No,Effective Communication,Book,How to Win Friends and Influence People,Dale Carnegie,Classic strategies for effective interpersonal relations,,,,,,,,
No,Effective Communication,Book,Crucial Conversations: Tools for Talking When Stakes Are High,"Patterson, Grenny, McMillan, & Switzler",Techniques for high‑pressure conversations,,,,,,,,
No,Effective Communication,Book,Talk Like TED: The 9 Public-Speaking Secrets of the World’s Top Minds,Carmine Gallo,Insights on public speaking and engagement,,,,,,,,
No,Effective Communication,Book,Made to Stick: Why Some Ideas Survive and Others Die,Chip Heath & Dan Heath,Tips on crafting memorable messages,,,,,,,,
No,Effective Communication,Book,Nonviolent Communication: A Language of Life,Marshall B. Rosenberg,Framework for empathetic communication,,,,,,,,
No,Effective Communication,Book,Difficult Conversations: How to Discuss What Matters Most,"Stone, Patton, & Heen",Guidance on navigating challenging interactions,,,,,,,,
No,Effective Communication,Book,Words That Change Minds: The 14 Patterns for Mastering the Language of Influence,Shelle Rose Charvet,Tools for influencing through language,,,,,,,,
No,Effective Communication,Book,The Art of Communicating,Thich Nhat Hanh,Mindful approaches to communication,,,,,,,,
No,Effective Communication,Book,Thanks for the Feedback: The Science and Art of Receiving Feedback Well,Stone & Heen,Effective methods for accepting and applying feedback,,,,,,,,
No,Effective Communication,Book,"Everyone Communicates, Few Connect: What the Most Effective People Do Differently",John C. Maxwell,Enhancing connection through communication,,,,,,,,
No,Effective Communication,Book,Presentation Zen: Simple Ideas on Presentation Design and Delivery,Garr Reynolds,Design and delivery tips for powerful presentations,,,,,,,,
No,Effective Communication,Book,The Elements of Style,Strunk Jr. & White,Essential guide to clear and concise writing,,,,,,,,
No,Effective Communication,Book,"Words That Work: It’s Not What You Say, It’s What People Hear",Frank Luntz,Emphasis on crafting effective messages,,,,,,,,
No,Effective Communication,Book,Influence: The Psychology of Persuasion,Robert B. Cialdini,Key strategies for persuasive communication,,,,,,,,
No,Effective Communication,Book,(Optional Supplement) Additional scholarly articles on communication,N/A,For deeper academic insight,,,,,,,,
No,Effective Communication,Podcast,The Communication Guys,Various,Actionable tips on improving communication,,,,,,,,
No,Effective Communication,Podcast,The Public Speaker’s Quick and Dirty Tips for Improving Your Communication Skills,Lisa B. Marshall,Practical communication advice,,,,,,,,
No,Effective Communication,Podcast,Selected episodes from TED Talks Daily on communication topics,TED Talks Daily,Curated episodes for additional insights,,,,,,,,
No,Effective Communication,Podcast,Episodes from The Art of Charm focusing on interpersonal dynamics,The Art of Charm,Enhancing personal and professional communication,,,,,,,,
No,Effective Communication,Online Course,Improving Communication Skills (Coursera – University of Pennsylvania),University of Pennsylvania,Interactive modules for refining communication skills,,,,,,,,
No,Effective Communication,Online Course,Courses on public speaking and effective communication (LinkedIn Learning/Udemy),Various,Multiple courses for skill development,,,,,,,,
No,Effective Communication,Online Media,"TED Talks (e.g., “The King's Speech”, Brené Brown’s “The Power of Vulnerability”)",TED,Inspiring talks to build communication acumen,,,,,,,,
No,Effective Communication,Film/Documentary,The King’s Speech,Various,Overcoming communication challenges,,,,,,,,
No,Effective Communication,Film/Documentary,Talk to Me,Various,Documentary on the evolution of communication,,,,,,,,
No,Effective Communication,Film/Documentary,Inside Bill’s Brain: Decoding Bill Gates,Various,Insights into personal communication styles,,,,,,,,
No,Effective Communication,Film/Documentary,Curated TED Talk playlists on effective communication (via YouTube),Various,Self‑curated playlists for further study,,,,,,,,
No,Effective Communication,Film/Documentary,The Social Dilemma,Various,Examination of digital communication challenges,,,,,,,,
No,Effective Communication,Practical Exercise,Weekly Role‑Plays,N/A,"Practice active listening, conflict resolution, and persuasion",,,,,,,,
No,Effective Communication,Practical Exercise,Presentation Recording,N/A,Record and review your public speaking performance,,,,,,,,
No,Effective Communication,Practical Exercise,Group Discussions,N/A,Engage in peer feedback sessions,,,,,,,,
No,Effective Communication,Practical Exercise,Communication Journal,N/A,Maintain weekly reflections on interactions,,,,,,,,
No,Effective Communication,Capstone Project,Real‑World Communication Challenge,N/A,Design and execute a communication campaign (report & presentation),,,,,,,,
No,Time Management,Book,Getting Things Done: The Art of Stress-Free Productivity,David Allen,Foundational strategies for managing tasks,,,,,,,,
No,Time Management,Book,Deep Work: Rules for Focused Success in a Distracted World,Cal Newport,Techniques to cultivate deep focus,,,,,,,,
No,Time Management,Book,Essentialism: The Disciplined Pursuit of Less,Greg McKeown,Learning to prioritize what truly matters,,,,,,,,
No,Time Management,Book,Eat That Frog!: 21 Great Ways to Stop Procrastinating and Get More Done in Less Time,Brian Tracy,Overcoming procrastination tips,,,,,,,,
No,Time Management,Book,The 7 Habits of Highly Effective People,Stephen R. Covey,Holistic approach to effective living,,,,,,,,
No,Time Management,Book,168 Hours: You Have More Time Than You Think,Laura Vanderkam,Exploring time allocation across different life areas,,,,,,,,
No,Time Management,Book,"Time Warrior: How to Defeat Procrastination, People-Pleasing, Self-Doubt, Over-Commitment, Chaos",Steve Chandler,Combat common time-management pitfalls,,,,,,,,
No,Time Management,Book,The One Thing: The Surprisingly Simple Truth Behind Extraordinary Results,Gary Keller & Jay Papasan,Focus on the most impactful activities,,,,,,,,
No,Time Management,Book,Make Time: How to Focus on What Matters Every Day,Jake Knapp & John Zeratsky,Daily strategies for staying on track,,,,,,,,
No,Time Management,Book,"The Productivity Project: Accomplishing More by Managing Your Time, Attention, and Energy",Chris Bailey,Balancing energy and time for peak productivity,,,,,,,,
No,Time Management,Book,The Now Habit: A Strategic Program for Overcoming Procrastination and Enjoying Guilt-Free Play,Neil Fiore,Methods for reclaiming time without guilt,,,,,,,,
No,Time Management,Book,Procrastinate on Purpose: 5 Permissions to Multiply Your Time,Rory Vaden,Multiplying available time through smart permissions,,,,,,,,
No,Time Management,Book,Smarter Faster Better: The Secrets of Being Productive in Life and Business,Charles Duhigg,Data‑driven insights into improving productivity,,,,,,,,
No,Time Management,Book,The Power of Habit: Why We Do What We Do in Life and Business,Charles Duhigg,Understanding habits to optimize time usage,,,,,,,,
No,Time Management,Book,(Optional Supplement) Additional curated academic articles on time optimization,N/A,For deeper exploration of productivity theories,,,,,,,,
No,Time Management,Podcast,The Productivity Show,Various,"Episodes on planning, focus, and time optimization",,,,,,,,
No,Time Management,Podcast,Beyond the To-Do List,Various,Practical tips for overcoming distractions,,,,,,,,
No,Time Management,Podcast,Before Breakfast,Laura Vanderkam,Quick daily strategies to save time,,,,,,,,
No,Time Management,Podcast,Selected episodes from The Tim Ferriss Show,Various,Insights on routines and productivity,,,,,,,,
No,Time Management,Online Course,"Work Smarter, Not Harder: Time Management for Personal & Professional Productivity (Coursera)",Various,Interactive modules for time‑management skills,,,,,,,,
No,Time Management,Online Course,Courses on advanced time‑management techniques (LinkedIn Learning/Udemy),Various,Digital productivity tools and techniques,,,,,,,,
No,Time Management,Online Media,TED Talks – “Inside the Mind of a Master Procrastinator” and similar topics,TED,Curated talks on productivity and focus,,,,,,,,
No,Time Management,Film/Documentary,The Minimalists: Less Is Now,Various,How simplicity contributes to productivity,,,,,,,,
No,Time Management,Film/Documentary,Minimalism: A Documentary About the Important Things,Various,Examining the benefits of a focused lifestyle,,,,,,,,
No,Time Management,Film/Documentary,Clockwork,Various,Exploring the transformative power of time management,,,,,,,,
No,Time Management,Film/Documentary,Curated TED Talk playlists on productivity and time management (via YouTube),Various,Additional insights into effective scheduling,,,,,,,,
No,Time Management,Practical Exercise,Weekly Time Audits,N/A,Track and analyze your daily time usage,,,,,,,,
No,Time Management,Practical Exercise,Daily Planning & Time‑Blocking Exercises,N/A,Develop and follow a structured daily schedule,,,,,,,,
No,Time Management,Practical Exercise,Group Projects & Peer Reviews on Productivity Practices,N/A,Collaborate on planning challenges and share digital calendars,,,,,,,,
No,Time Management,Practical Exercise,Reflection Journal,N/A,"Weekly entries documenting successes, setbacks, and adjustments",,,,,,,,
No,Time Management,Capstone Project,Real‑World Productivity Challenge,N/A,Design and execute a comprehensive productivity plan (report & presentation),,,,,,,,
No,Problem Solving,Book,How to Solve It: A New Aspect of Mathematical Method,George Pólya,Classic text on problem‑solving methodology,,,,,,,,
No,Problem Solving,Book,Think Smarter: Critical Thinking to Improve Problem Solving and Decision Making Skills,Michael Kallet,Strategies to enhance analytical skills,,,,,,,,
No,Problem Solving,Book,Problem Solving 101: A Simple Book for Smart People,Ken Watanabe,Accessible introduction to basic techniques,,,,,,,,
No,Problem Solving,Book,The Thinker’s Toolkit: 14 Powerful Techniques for Problem Solving,Morgan D. Jones,Practical methods for systematic problem solving,,,,,,,,
No,Problem Solving,Book,A Whack on the Side of the Head: How You Can Be More Creative,Roger von Oech,Stimulates creative approaches,,,,,,,,
No,Problem Solving,Book,Creative Confidence: Unleashing the Creative Potential Within Us All,Tom & David Kelley,Fosters creative thinking,,,,,,,,
No,Problem Solving,Book,Decisive: How to Make Better Choices in Life and Work,Chip Heath & Dan Heath,Improves decision‑making skills,,,,,,,,
No,Problem Solving,Book,Blink: The Power of Thinking Without Thinking,Malcolm Gladwell,Explores intuitive thinking methods,,,,,,,,
No,Problem Solving,Book,Superforecasting: The Art and Science of Prediction,Philip Tetlock & Dan Gardner,Enhances prediction through analysis,,,,,,,,
No,Problem Solving,Book,The Innovator’s DNA: Mastering the Five Skills of Disruptive Innovators,"Jeff Dyer, Hal Gregersen, Clayton Christensen",Focuses on creative innovation,,,,,,,,
No,Problem Solving,Book,The Art of Thinking Clearly,Rolf Dobelli,Identifies common pitfalls in reasoning,,,,,,,,
No,Problem Solving,Book,Thinking in Systems: A Primer,Donella Meadows,Introduction to systems thinking,,,,,,,,
No,Problem Solving,Book,The Power of Problem Solving: How to Solve Any Problem,[Supplementary Title],Choose a well‑reviewed text for additional insights,,,,,,,,
No,Problem Solving,Book,(Optional) Additional academic articles or curated case studies,N/A,For deeper exploration of complex problems,,,,,,,,
No,Problem Solving,Book,(Optional) A compilation of “best‑of” essays on problem solving,N/A,Curated insights from diverse perspectives,,,,,,,,
No,Problem Solving,Podcast,The Knowledge Project,Various,Episodes on decision making and creative problem solving,,,,,,,,
No,Problem Solving,Podcast,The Tim Ferriss Show,Various,Selected episodes on problem solving and innovation,,,,,,,,
No,Problem Solving,Podcast,Choiceology,Various,Explores decision making and analytical thinking,,,,,,,,
No,Problem Solving,Online Course,Creative Problem Solving or Problem Solving Using Computational Thinking (Coursera),Various,Interactive modules on modern problem solving techniques,,,,,,,,
No,Problem Solving,Online Course,"Design Thinking or Systems Thinking (edX – e.g., University of Queensland)",Various,Courses to integrate interdisciplinary approaches,,,,,,,,
No,Problem Solving,Online Course,Mastering Problem Solving Techniques (Udemy/LinkedIn Learning),Various,Practical course for hands‑on methods,,,,,,,,
No,Problem Solving,Online Media,CrashCourse (YouTube – Logic & Problem Solving segments),YouTube,Engaging visual explanations,,,,,,,,
No,Problem Solving,Online Media,TED‑Ed playlists on problem solving techniques,TED,Curated talks for additional insights,,,,,,,,
No,Problem Solving,Film/Documentary,Moneyball,Various,Example of creative and analytical problem solving in sports,,,,,,,,
No,Problem Solving,Film/Documentary,The Social Network,Various,Showcases innovative problem solving in startups,,,,,,,,
No,Problem Solving,Film/Documentary,The Big Short,Various,Data‑driven analysis of complex financial problems,,,,,,,,
No,Problem Solving,Film/Documentary,Curated TED Talk playlists on problem solving techniques (via YouTube),Various,Supplementary viewing on modern strategies,,,,,,,,
No,Problem Solving,Film/Documentary,Documentary segments on design thinking and innovation,Various,Short segments for targeted insights,,,,,,,,
No,Problem Solving,Practical Exercise,Weekly Problem Puzzles,N/A,Solve logic puzzles or case study challenges,,,,,,,,
No,Problem Solving,Practical Exercise,Group Brainstorming Sessions,N/A,Collaborate on real‑world problems with peers,,,,,,,,
No,Problem Solving,Practical Exercise,Reflection Journal,N/A,"Document challenges, approaches, and outcomes",,,,,,,,
No,Problem Solving,Capstone Project,Real‑World Problem Analysis & Resolution,N/A,Comprehensive project culminating in a final report and presentation,,,,,,,,
No,Creativity and Innovation,Book,Steal Like an Artist: 10 Things Nobody Told You About Being Creative,Austin Kleon,Inspiring guide to embracing creativity,,,,,,,,
No,Creativity and Innovation,Book,Show Your Work!: 10 Ways to Share Your Creativity and Get Discovered,Austin Kleon,Strategies to promote and share your ideas,,,,,,,,
No,Creativity and Innovation,Book,The War of Art: Break Through the Blocks and Win Your Inner Creative Battles,Steven Pressfield,Overcoming internal barriers to creativity,,,,,,,,
No,Creativity and Innovation,Book,Creative Confidence: Unleashing the Creative Potential Within Us All,Tom Kelley & David Kelley,Fostering creative potential in everyday life,,,,,,,,
No,Creativity and Innovation,Book,The Innovator’s DNA: Mastering the Five Skills of Disruptive Innovators,"Jeff Dyer, Hal Gregersen, & Clayton Christensen",Techniques for developing disruptive innovations,,,,,,,,
No,Creativity and Innovation,Book,"How to Fly a Horse: The Secret History of Creation, Invention, and Discovery",Kevin Ashton,Debunking myths about creativity,,,,,,,,
No,Creativity and Innovation,Book,Imagine: How Creativity Works,Jonah Lehrer,Explores the mechanics behind creative thought,,,,,,,,
No,Creativity and Innovation,Book,The Art of Innovation: Lessons in Creativity from IDEO,Tom Kelley,Case studies on creative innovation in design,,,,,,,,
No,Creativity and Innovation,Book,Big Magic: Creative Living Beyond Fear,Elizabeth Gilbert,Encouragement to live creatively without fear,,,,,,,,
No,Creativity and Innovation,Book,"Creativity, Inc.: Overcoming the Unseen Forces That Stand in the Way of True Inspiration",Ed Catmull & Amy Wallace,Inside look at creative processes in the film industry,,,,,,,,
No,Creativity and Innovation,Book,Where Good Ideas Come From: The Natural History of Innovation,Steven Johnson,Exploration of the origins of innovative ideas,,,,,,,,
No,Creativity and Innovation,Book,Thinkertoys: A Handbook of Creative-Thinking Techniques,Michael Michalko,Hands‑on techniques for boosting creativity,,,,,,,,
No,Creativity and Innovation,Book,A Whack on the Side of the Head: How You Can Be More Creative,Roger von Oech,Stimulating creative thinking through unconventional methods,,,,,,,,
No,Creativity and Innovation,Book,The Creative Habit: Learn It and Use It for Life,Twyla Tharp,Building a routine for creative productivity,,,,,,,,
No,Creativity and Innovation,Book,(Optional) Additional curated articles or case studies on creative processes,N/A,For deeper insights into creativity and innovation,,,,,,,,
No,Creativity and Innovation,Podcast,The Accidental Creative,Various,Practical tips for creativity in professional settings,,,,,,,,
No,Creativity and Innovation,Podcast,Creative Pep Talk,Various,Inspirational and actionable creative advice,,,,,,,,
No,Creativity and Innovation,Podcast,Selected episodes from TED Talks Daily on innovation and creative thinking,TED Talks Daily,Curated episodes on creative breakthroughs,,,,,,,,
No,Creativity and Innovation,Podcast,Episodes from The Tim Ferriss Show exploring creative habits and innovation,The Tim Ferriss Show,Insights on building creative routines,,,,,,,,
No,Creativity and Innovation,Online Course,Design Thinking for Innovation or Creative Problem Solving (Coursera/edX),Various,Interactive courses to boost creative skills,,,,,,,,
No,Creativity and Innovation,Online Course,Modules on brainstorming and lateral thinking (Udemy/LinkedIn Learning),Various,Practical exercises to enhance idea generation,,,,,,,,
No,Creativity and Innovation,Online Media,CrashCourse: Creativity (YouTube),YouTube,Engaging series on creative concepts and techniques,,,,,,,,
No,Creativity and Innovation,Online Media,Curated TED Talk playlists on innovation,TED,Inspiring talks on unlocking creativity,,,,,,,,
No,Creativity and Innovation,Film/Documentary,Abstract: The Art of Design (Netflix series),Netflix,Insights into creative processes of leading designers,,,,,,,,
No,Creativity and Innovation,Film/Documentary,Everything Is a Remix,Various,Examination of how creative ideas evolve,,,,,,,,
No,Creativity and Innovation,Film/Documentary,Objectified,Various,Documentary on design and the creative process,,,,,,,,
No,Creativity and Innovation,Film/Documentary,The Creative Brain,Various,Exploration of the neuroscience behind creativity,,,,,,,,
No,Creativity and Innovation,Practical Exercise,Weekly Creative Exercises,N/A,"Practice brainstorming, mind‑mapping, and lateral thinking puzzles",,,,,,,,
No,Creativity and Innovation,Practical Exercise,Personal Creativity Journal,N/A,Daily log for recording creative ideas and reflections,,,,,,,,
No,Creativity and Innovation,Practical Exercise,Group Brainstorming Sessions,N/A,Collaborative sessions to solve creative challenges,,,,,,,,
No,Creativity and Innovation,Capstone Project,Real‑World Innovation Challenge,N/A,"Develop a creative project (prototype, campaign, etc.) and present your “Creativity Manifesto”",,,,,,,,
No,Mental Resilience,Book,Man’s Search for Meaning,Viktor E. Frankl,A seminal work on finding purpose through adversity,,,,,,,,
No,Mental Resilience,Book,The Obstacle Is the Way: The Timeless Art of Turning Trials into Triumph,Ryan Holiday,Strategies for turning challenges into opportunities,,,,,,,,
No,Mental Resilience,Book,Grit: The Power of Passion and Perseverance,Angela Duckworth,Explores the role of perseverance in achieving success,,,,,,,,
No,Mental Resilience,Book,"Option B: Facing Adversity, Building Resilience, and Finding Joy",Sheryl Sandberg & Adam Grant,Guidance on overcoming life’s setbacks,,,,,,,,
No,Mental Resilience,Book,Rising Strong,Brené Brown,Methods for recovering and growing after failure,,,,,,,,
No,Mental Resilience,Book,The Resilience Factor: 7 Keys to Finding Your Inner Strength and Overcoming Life’s Hurdles,Karen Reivich & Andrew Shatte,Evidence‑based strategies for building resilience,,,,,,,,
No,Mental Resilience,Book,Antifragile: Things That Gain from Disorder,Nassim Nicholas Taleb,How systems (and people) benefit from stress and disorder,,,,,,,,
No,Mental Resilience,Book,Mindset: The New Psychology of Success,Carol S. Dweck,The importance of a growth mindset in overcoming challenges,,,,,,,,
No,Mental Resilience,Book,"The Upside of Stress: Why Stress Is Good for You, and How to Get Good at It",Kelly McGonigal,Reframes stress as a tool for growth,,,,,,,,
No,Mental Resilience,Book,Bounce: Living the Resilient Life,Matthew Syed,Insights on how resilience shapes success,,,,,,,,
No,Mental Resilience,Book,"Emotional Agility: Get Unstuck, Embrace Change, and Thrive in Work and Life",Susan David,Techniques for managing emotions and adapting to change,,,,,,,,
No,Mental Resilience,Book,"Resilient: How to Grow an Unshakable Core of Calm, Strength, and Happiness",Rick Hanson,Practices for building inner calm and strength,,,,,,,,
No,Mental Resilience,Book,Option B (Revisit Selected Chapters),Sheryl Sandberg & Adam Grant,Use selected chapters for deeper dives into resilience,,,,,,,,
No,Mental Resilience,Book,The Power of Now,Eckhart Tolle,Focus on mindfulness as a tool for managing stress,,,,,,,,
No,Mental Resilience,Book,(Optional Supplement) Curated academic articles on resilience and stress management,N/A,For deeper theoretical insights,,,,,,,,
No,Mental Resilience,Podcast,The Tim Ferriss Show,Various,Episodes on overcoming adversity and building mental toughness,,,,,,,,
No,Mental Resilience,Podcast,The Tony Robbins Podcast,Various,Insights on resilience and personal growth,,,,,,,,
No,Mental Resilience,Podcast,The Science of Happiness,Various,Discussions on stress management and emotional recovery,,,,,,,,
No,Mental Resilience,Podcast,Optimal Living Daily,Various,Selected segments on practical resilience techniques,,,,,,,,
No,Mental Resilience,Online Course,The Science of Well-Being (Coursera – Yale University),Yale University,Emphasizes resilience and overall well‑being practices,,,,,,,,
No,Mental Resilience,Online Course,Courses on Developing Mental Toughness / Building Resilience (Udemy/LinkedIn Learning),Various,Practical courses to boost mental resilience,,,,,,,,
No,Mental Resilience,Online Media,TED Talks – “How to Make Stress Your Friend” by Kelly McGonigal,TED,Inspiring talk on reframing stress,,,,,,,,
No,Mental Resilience,Film/Documentary,The Pursuit of Happyness,Various,Demonstrates perseverance in the face of adversity,,,,,,,,
No,Mental Resilience,Film/Documentary,Unbroken,Various,Real‑life story of survival and resilience,,,,,,,,
No,Mental Resilience,Film/Documentary,Rocky,Various,Classic narrative on overcoming obstacles,,,,,,,,
No,Mental Resilience,Film/Documentary,Curated TED Talk playlists on resilience and overcoming failure,Various,Supplementary viewing on resilience strategies,,,,,,,,
No,Mental Resilience,Film/Documentary,Soul Surfer,Various,Inspirational story of overcoming personal challenges,,,,,,,,
No,Mental Resilience,Practical Exercise,Weekly Resilience Journal,N/A,"Record personal challenges, coping strategies, and reflections",,,,,,,,
No,Mental Resilience,Practical Exercise,Mindfulness & Meditation Practice,N/A,Daily guided sessions to foster emotional balance,,,,,,,,
No,Mental Resilience,Practical Exercise,Resilience Challenges,N/A,"Monthly challenges (e.g., public speaking, endurance tasks) to build toughness",,,,,,,,
No,Mental Resilience,Practical Exercise,Group Discussions,N/A,Regular peer or online sessions to analyze case studies of resilience,,,,,,,,
No,Mental Resilience,Capstone Project,Real‑World Resilience Challenge,N/A,"Identify a significant setback, develop a comprehensive resilience plan, and present your “Resilience Playbook”",,,,,,,,
No,Money Management,Book,Rich Dad Poor Dad,Robert Kiyosaki,Foundational insights into building wealth,,,,,,,,
No,Money Management,Book,The Millionaire Next Door,Thomas J. Stanley & William D. Danko,Analysis of common traits among millionaires,,,,,,,,
No,Money Management,Book,The Intelligent Investor,Benjamin Graham,Investment fundamentals and value investing,,,,,,,,
No,Money Management,Book,Your Money or Your Life,Vicki Robin & Joe Dominguez,Transforming your relationship with money,,,,,,,,
No,Money Management,Book,Think and Grow Rich,Napoleon Hill,Classic principles of wealth creation,,,,,,,,
No,Money Management,Book,I Will Teach You to Be Rich,Ramit Sethi,Practical advice for modern money management,,,,,,,,
No,Money Management,Book,The Richest Man in Babylon,George S. Clason,Timeless financial wisdom through parables,,,,,,,,
No,Money Management,Book,The Total Money Makeover,Dave Ramsey,Step‑by‑step plan for financial fitness,,,,,,,,
No,Money Management,Book,Unshakeable,Tony Robbins,Investment strategies for market volatility,,,,,,,,
No,Money Management,Book,The Simple Path to Wealth,JL Collins,Straight‑forward advice on investing and saving,,,,,,,,
No,Money Management,Book,Principles: Life and Work,Ray Dalio,Insights on decision making and economic cycles,,,,,,,,
No,Money Management,Book,Smarter Faster Better: The Secrets of Being Productive in Life and Business,Charles Duhigg,Enhancing productivity in personal and professional finance,,,,,,,,
No,Money Management,Book,The Psychology of Money,Morgan Housel,Understanding how psychology impacts financial decisions,,,,,,,,
No,Money Management,Book,Financial Freedom,Grant Sabatier,Modern strategies for achieving financial independence,,,,,,,,
No,Money Management,Book,(Optional Supplement) Curated academic articles on personal finance,N/A,For in‑depth study of financial theories,,,,,,,,
No,Money Management,Podcast,Planet Money (NPR),NPR,Insights into financial systems and markets,,,,,,,,
No,Money Management,Podcast,The Dave Ramsey Show,Dave Ramsey,Practical budgeting and debt‑management advice,,,,,,,,
No,Money Management,Podcast,BiggerPockets Money Podcast,BiggerPockets,Real‑estate and investment strategies,,,,,,,,
No,Money Management,Podcast,Selected episodes from The Tim Ferriss Show,The Tim Ferriss Show,Focus on financial habits and wealth‑building insights,,,,,,,,
No,Money Management,Online Course,Financial Markets (Coursera – Yale University),Yale University,Comprehensive course on market fundamentals,,,,,,,,
No,Money Management,Online Course,Courses on personal finance and budgeting (Udemy/LinkedIn Learning),Various,Practical modules to build money management skills,,,,,,,,
No,Money Management,Online Resource,Khan Academy’s Personal Finance section,Khan Academy,Free resource for foundational personal finance lessons,,,,,,,,
No,Money Management,Online Media,TED Talks – “How to Save Money” or “The Hidden Influence of Social Networks on Your Money”,TED,Curated talks offering unique perspectives on money,,,,,,,,
No,Money Management,Film/Documentary,The Big Short,Various,Examination of financial markets and risk management,,,,,,,,
No,Money Management,Film/Documentary,Inside Job,Various,In‑depth look at the financial crisis and lessons learned,,,,,,,,
No,Money Management,Film/Documentary,The Ascent of Money,Various,Historical overview of finance and wealth creation,,,,,,,,
No,Money Management,Film/Documentary,Curated TED Talk playlists on personal finance and wealth creation,Various,Supplementary insights via YouTube playlists,,,,,,,,
No,Money Management,Film/Documentary,Money for Nothing?,Various,Analysis of modern financial strategies and challenges,,,,,,,,
No,Money Management,Practical Exercise,Weekly Budgeting Exercises,N/A,Track income and expenses using digital tools,,,,,,,,d
No,Money Management,Practical Exercise,Monthly Financial Reviews,N/A,"Analyze spending, saving, and investment performance",,,,,,,,
No,Money Management,Practical Exercise,Simulated Investment Portfolios,N/A,Create and manage a virtual portfolio for testing strategies,,,,,,,,
No,Money Management,Practical Exercise,Group Discussions,N/A,Engage in peer reviews and online forums for financial tips,,,,,,,,
No,Money Management,Capstone Project,Develop a Comprehensive Financial Plan,N/A,Final project: a detailed personal financial plan with presentation,,,,,,,,
